531,641,752,524,5331,753
341,462,471,682,453
531,641,752,524,5331,753
341,462,471,682,453
341,462,471,682,453
341,462,471,682,453
531,641,752,524,5331,753
531,641,752,524,5331,753
341,462,471,682,453
531,641,752,524,5331,753
341,462,471,682,453
341,462,471,682,453
341,462,471,682,453
531,641,752,524,5331,753
341,462,471,682,453
531,641,752,524,5331,753
531,641,752,524,5331,753
341,462,471,682,453
531,641,752,524,5331,753
531,641,752,524,5331,753
531,641,752,524,5331,753
341,462,471,682,453
531,641,752,524,5331,753
531,641,752,524,5331,753
341,462,471,682,453
341,462,471,682,453
531,641,752,524,5331,753
531,641,752,524,5331,753
341,462,471,682,453
531,641,752,524,5331,753
341,462,471,682,453
341,462,471,682,453
341,462,471,682,453
531,641,752,524,5331,753
531,641,752,524,5331,753
531,641,752,524,5331,753
531,641,752,524,5331,753
341,462,471,682,453
341,462,471,682,453
341,462,471,682,453
341,462,471,682,453
341,462,471,682,453
531,641,752,524,5331,753
341,462,471,682,453
531,641,752,524,5331,753
531,641,752,524,5331,753
531,641,752,524,5331,753
531,641,752,524,5331,753
531,641,752,524,5331,753
531,641,752,524,5331,753
341,462,471,682,453
531,641,752,524,5331,753
531,641,752,524,5331,753
341,462,471,682,453
341,462,471,682,453
531,641,752,524,5331,753
341,462,471,682,453
531,641,752,524,5331,753
341,462,471,682,453
531,641,752,524,5331,753
341,462,471,682,453
341,462,471,682,453
531,641,752,524,5331,753
531,641,752,524,5331,753
531,641,752,524,5331,753
341,462,471,682,453
531,641,752,524,5331,753
341,462,471,682,453
341,462,471,682,453
341,462,471,682,453
341,462,471,682,453
531,641,752,524,5331,753
531,641,752,524,5331,753
531,641,752,524,5331,753
531,641,752,524,5331,753
341,462,471,682,453
341,462,471,682,453
341,462,471,682,453
531,641,752,524,5331,753
531,641,752,524,5331,753
341,462,471,682,453
531,641,752,524,5331,753
531,641,752,524,5331,753
531,641,752,524,5331,753
531,641,752,524,5331,753
341,462,471,682,453
531,641,752,524,5331,753
341,462,471,682,453
531,641,752,524,5331,753
531,641,752,524,5331,753
531,641,752,524,5331,753
341,462,471,682,453
531,641,752,524,5331,753
341,462,471,682,453
341,462,471,682,453
341,462,471,682,453
531,641,752,524,5331,753
531,641,752,524,5331,753
531,641,752,524,5331,753
531,641,752,524,5331,753
341,462,471,682,453
341,462,471,682,453
531,641,752,524,5331,753
531,641,752,524,5331,753
531,641,752,524,5331,753
531,641,752,524,5331,753
341,462,471,682,453
341,462,471,682,453
341,462,471,682,453
531,641,752,524,5331,753
531,641,752,524,5331,753
531,641,752,524,5331,753
341,462,471,682,453
341,462,471,682,453
531,641,752,524,5331,753
531,641,752,524,5331,753
531,641,752,524,5331,753
341,462,471,682,453
341,462,471,682,453
341,462,471,682,453
531,641,752,524,5331,753
341,462,471,682,453
531,641,752,524,5331,753
341,462,471,682,453
341,462,471,682,453
531,641,752,524,5331,753
531,641,752,524,5331,753
341,462,471,682,453
341,462,471,682,453
531,641,752,524,5331,753
341,462,471,682,453
531,641,752,524,5331,753
341,462,471,682,453
531,641,752,524,5331,753
341,462,471,682,453
531,641,752,524,5331,753
341,462,471,682,453
341,462,471,682,453
531,641,752,524,5331,753
531,641,752,524,5331,753
531,641,752,524,5331,753
531,641,752,524,5331,753
531,641,752,524,5331,753
531,641,752,524,5331,753
341,462,471,682,453
341,462,471,682,453
341,462,471,682,453
531,641,752,524,5331,753
531,641,752,524,5331,753
531,641,752,524,5331,753
341,462,471,682,453
531,641,752,524,5331,753
531,641,752,524,5331,753
531,641,752,524,5331,753
531,641,752,524,5331,753
531,641,752,524,5331,753
531,641,752,524,5331,753
531,641,752,524,5331,753
531,641,752,524,5331,753
531,641,752,524,5331,753
341,462,471,682,453
531,641,752,524,5331,753
531,641,752,524,5331,753
531,641,752,524,5331,753
341,462,471,682,453
531,641,752,524,5331,753
531,641,752,524,5331,753
341,462,471,682,453
341,462,471,682,453
531,641,752,524,5331,753
531,641,752,524,5331,753
341,462,471,682,453
531,641,752,524,5331,753
531,641,752,524,5331,753
341,462,471,682,453
341,462,471,682,453
531,641,752,524,5331,753
341,462,471,682,453
341,462,471,682,453
531,641,752,524,5331,753
531,641,752,524,5331,753
341,462,471,682,453
341,462,471,682,453
531,641,752,524,5331,753
531,641,752,524,5331,753
531,641,752,524,5331,753
341,462,471,682,453
341,462,471,682,453
531,641,752,524,5331,753
341,462,471,682,453
341,462,471,682,453
341,462,471,682,453
531,641,752,524,5331,753
341,462,471,682,453
341,462,471,682,453
341,462,471,682,453
531,641,752,524,5331,753
531,641,752,524,5331,753
531,641,752,524,5331,753
531,641,752,524,5331,753
341,462,471,682,453
341,462,471,682,453
341,462,471,682,453
341,462,471,682,453
531,641,752,524,5331,753
341,462,471,682,453
531,641,752,524,5331,753
341,462,471,682,453
341,462,471,682,453
341,462,471,682,453
531,641,752,524,5331,753
341,462,471,682,453
531,641,752,524,5331,753
341,462,471,682,453
341,462,471,682,453
341,462,471,682,453
531,641,752,524,5331,753
531,641,752,524,5331,753
531,641,752,524,5331,753
341,462,471,682,453
341,462,471,682,453
531,641,752,524,5331,753
341,462,471,682,453
531,641,752,524,5331,753
531,641,752,524,5331,753
531,641,752,524,5331,753
531,641,752,524,5331,753
341,462,471,682,453
341,462,471,682,453
531,641,752,524,5331,753
341,462,471,682,453
531,641,752,524,5331,753
531,641,752,524,5331,753
341,462,471,682,453
531,641,752,524,5331,753
531,641,752,524,5331,753
341,462,471,682,453
341,462,471,682,453
341,462,471,682,453
341,462,471,682,453
531,641,752,524,5331,753
341,462,471,682,453
341,462,471,682,453
341,462,471,682,453
341,462,471,682,453
531,641,752,524,5331,753
341,462,471,682,453
341,462,471,682,453
531,641,752,524,5331,753
341,462,471,682,453
341,462,471,682,453
341,462,471,682,453
341,462,471,682,453
341,462,471,682,453
341,462,471,682,453
531,641,752,524,5331,753
341,462,471,682,453
341,462,471,682,453
341,462,471,682,453
531,641,752,524,5331,753
341,462,471,682,453
341,462,471,682,453
531,641,752,524,5331,753
341,462,471,682,453
531,641,752,524,5331,753
341,462,471,682,453
341,462,471,682,453
341,462,471,682,453
531,641,752,524,5331,753
341,462,471,682,453
531,641,752,524,5331,753
531,641,752,524,5331,753
341,462,471,682,453
341,462,471,682,453
531,641,752,524,5331,753
531,641,752,524,5331,753
531,641,752,524,5331,753
531,641,752,524,5331,753
341,462,471,682,453
531,641,752,524,5331,753
531,641,752,524,5331,753
341,462,471,682,453
341,462,471,682,453
531,641,752,524,5331,753
531,641,752,524,5331,753
531,641,752,524,5331,753
531,641,752,524,5331,753
531,641,752,524,5331,753
531,641,752,524,5331,753
531,641,752,524,5331,753
531,641,752,524,5331,753
531,641,752,524,5331,753
531,641,752,524,5331,753
341,462,471,682,453
341,462,471,682,453
531,641,752,524,5331,753
341,462,471,682,453
531,641,752,524,5331,753
341,462,471,682,453
341,462,471,682,453
531,641,752,524,5331,753
531,641,752,524,5331,753
341,462,471,682,453
341,462,471,682,453
341,462,471,682,453
341,462,471,682,453
531,641,752,524,5331,753
341,462,471,682,453
531,641,752,524,5331,753
531,641,752,524,5331,753
531,641,752,524,5331,753
531,641,752,524,5331,753
341,462,471,682,453
341,462,471,682,453
531,641,752,524,5331,753
531,641,752,524,5331,753
341,462,471,682,453
531,641,752,524,5331,753
531,641,752,524,5331,753
341,462,471,682,453
341,462,471,682,453
341,462,471,682,453
341,462,471,682,453
341,462,471,682,453
531,641,752,524,5331,753
341,462,471,682,453
531,641,752,524,5331,753
531,641,752,524,5331,753
341,462,471,682,453
341,462,471,682,453
531,641,752,524,5331,753
531,641,752,524,5331,753
341,462,471,682,453
341,462,471,682,453
341,462,471,682,453
531,641,752,524,5331,753
341,462,471,682,453
531,641,752,524,5331,753
531,641,752,524,5331,753
341,462,471,682,453
531,641,752,524,5331,753
341,462,471,682,453
341,462,471,682,453
531,641,752,524,5331,753
531,641,752,524,5331,753
341,462,471,682,453
531,641,752,524,5331,753
341,462,471,682,453
341,462,471,682,453
531,641,752,524,5331,753
341,462,471,682,453
531,641,752,524,5331,753
531,641,752,524,5331,753
531,641,752,524,5331,753
531,641,752,524,5331,753
341,462,471,682,453
341,462,471,682,453
341,462,471,682,453
341,462,471,682,453
531,641,752,524,5331,753
341,462,471,682,453
531,641,752,524,5331,753
341,462,471,682,453
531,641,752,524,5331,753
531,641,752,524,5331,753
531,641,752,524,5331,753
341,462,471,682,453
341,462,471,682,453
531,641,752,524,5331,753
341,462,471,682,453
341,462,471,682,453
531,641,752,524,5331,753
531,641,752,524,5331,753
531,641,752,524,5331,753
531,641,752,524,5331,753
531,641,752,524,5331,753
341,462,471,682,453
531,641,752,524,5331,753
531,641,752,524,5331,753
531,641,752,524,5331,753
531,641,752,524,5331,753
341,462,471,682,453
531,641,752,524,5331,753
341,462,471,682,453
531,641,752,524,5331,753
531,641,752,524,5331,753
531,641,752,524,5331,753
341,462,471,682,453
341,462,471,682,453
341,462,471,682,453
531,641,752,524,5331,753
531,641,752,524,5331,753
531,641,752,524,5331,753
531,641,752,524,5331,753
531,641,752,524,5331,753
341,462,471,682,453
531,641,752,524,5331,753
531,641,752,524,5331,753
341,462,471,682,453
341,462,471,682,453
531,641,752,524,5331,753
341,462,471,682,453
341,462,471,682,453
531,641,752,524,5331,753
341,462,471,682,453
531,641,752,524,5331,753
341,462,471,682,453
341,462,471,682,453
341,462,471,682,453
531,641,752,524,5331,753
341,462,471,682,453
341,462,471,682,453
531,641,752,524,5331,753
341,462,471,682,453
531,641,752,524,5331,753
341,462,471,682,453
341,462,471,682,453
531,641,752,524,5331,753
531,641,752,524,5331,753
531,641,752,524,5331,753
531,641,752,524,5331,753
531,641,752,524,5331,753
531,641,752,524,5331,753
341,462,471,682,453
531,641,752,524,5331,753
341,462,471,682,453
531,641,752,524,5331,753
341,462,471,682,453
531,641,752,524,5331,753
341,462,471,682,453
531,641,752,524,5331,753
531,641,752,524,5331,753
341,462,471,682,453
531,641,752,524,5331,753
531,641,752,524,5331,753
341,462,471,682,453
531,641,752,524,5331,753
531,641,752,524,5331,753
341,462,471,682,453
341,462,471,682,453
531,641,752,524,5331,753
531,641,752,524,5331,753
531,641,752,524,5331,753
341,462,471,682,453
531,641,752,524,5331,753
341,462,471,682,453
531,641,752,524,5331,753
341,462,471,682,453
341,462,471,682,453
531,641,752,524,5331,753
341,462,471,682,453
531,641,752,524,5331,753
531,641,752,524,5331,753
341,462,471,682,453
531,641,752,524,5331,753
531,641,752,524,5331,753
531,641,752,524,5331,753
341,462,471,682,453
531,641,752,524,5331,753
341,462,471,682,453
531,641,752,524,5331,753
531,641,752,524,5331,753
531,641,752,524,5331,753
531,641,752,524,5331,753
341,462,471,682,453
341,462,471,682,453
341,462,471,682,453
341,462,471,682,453
341,462,471,682,453
341,462,471,682,453
531,641,752,524,5331,753
531,641,752,524,5331,753
341,462,471,682,453
341,462,471,682,453
341,462,471,682,453
341,462,471,682,453
531,641,752,524,5331,753
531,641,752,524,5331,753
531,641,752,524,5331,753
531,641,752,524,5331,753
341,462,471,682,453
341,462,471,682,453
531,641,752,524,5331,753
341,462,471,682,453
341,462,471,682,453
531,641,752,524,5331,753
531,641,752,524,5331,753
531,641,752,524,5331,753
531,641,752,524,5331,753
531,641,752,524,5331,753
531,641,752,524,5331,753
531,641,752,524,5331,753
531,641,752,524,5331,753
531,641,752,524,5331,753
341,462,471,682,453
531,641,752,524,5331,753
531,641,752,524,5331,753
531,641,752,524,5331,753
531,641,752,524,5331,753
341,462,471,682,453
531,641,752,524,5331,753
341,462,471,682,453
341,462,471,682,453
531,641,752,524,5331,753
341,462,471,682,453
341,462,471,682,453
531,641,752,524,5331,753
531,641,752,524,5331,753
341,462,471,682,453
341,462,471,682,453
341,462,471,682,453
531,641,752,524,5331,753
341,462,471,682,453
531,641,752,524,5331,753
341,462,471,682,453
531,641,752,524,5331,753
341,462,471,682,453
341,462,471,682,453
341,462,471,682,453
341,462,471,682,453
341,462,471,682,453
531,641,752,524,5331,753
531,641,752,524,5331,753
531,641,752,524,5331,753
341,462,471,682,453
531,641,752,524,5331,753
341,462,471,682,453
531,641,752,524,5331,753
531,641,752,524,5331,753
531,641,752,524,5331,753
531,641,752,524,5331,753
341,462,471,682,453
341,462,471,682,453
531,641,752,524,5331,753
341,462,471,682,453
531,641,752,524,5331,753
531,641,752,524,5331,753
341,462,471,682,453
531,641,752,524,5331,753
531,641,752,524,5331,753
531,641,752,524,5331,753
531,641,752,524,5331,753
531,641,752,524,5331,753
341,462,471,682,453
531,641,752,524,5331,753
341,462,471,682,453
341,462,471,682,453
341,462,471,682,453
341,462,471,682,453
531,641,752,524,5331,753
531,641,752,524,5331,753
531,641,752,524,5331,753
531,641,752,524,5331,753
531,641,752,524,5331,753
341,462,471,682,453
531,641,752,524,5331,753
531,641,752,524,5331,753
531,641,752,524,5331,753
341,462,471,682,453
341,462,471,682,453
531,641,752,524,5331,753
531,641,752,524,5331,753
341,462,471,682,453
341,462,471,682,453
341,462,471,682,453
341,462,471,682,453
531,641,752,524,5331,753
531,641,752,524,5331,753
531,641,752,524,5331,753
341,462,471,682,453
531,641,752,524,5331,753
341,462,471,682,453
341,462,471,682,453
341,462,471,682,453
341,462,471,682,453
341,462,471,682,453
531,641,752,524,5331,753
531,641,752,524,5331,753
341,462,471,682,453
531,641,752,524,5331,753
341,462,471,682,453
341,462,471,682,453
531,641,752,524,5331,753
341,462,471,682,453
341,462,471,682,453
531,641,752,524,5331,753
531,641,752,524,5331,753
341,462,471,682,453
531,641,752,524,5331,753
531,641,752,524,5331,753
531,641,752,524,5331,753
531,641,752,524,5331,753
531,641,752,524,5331,753
531,641,752,524,5331,753
341,462,471,682,453
531,641,752,524,5331,753
531,641,752,524,5331,753
341,462,471,682,453
341,462,471,682,453
531,641,752,524,5331,753
341,462,471,682,453
531,641,752,524,5331,753
531,641,752,524,5331,753
531,641,752,524,5331,753
531,641,752,524,5331,753
531,641,752,524,5331,753
341,462,471,682,453
341,462,471,682,453
341,462,471,682,453
341,462,471,682,453
341,462,471,682,453
341,462,471,682,453
341,462,471,682,453
531,641,752,524,5331,753
341,462,471,682,453
341,462,471,682,453
341,462,471,682,453
341,462,471,682,453
341,462,471,682,453
531,641,752,524,5331,753
531,641,752,524,5331,753
341,462,471,682,453
341,462,471,682,453
341,462,471,682,453
531,641,752,524,5331,753
531,641,752,524,5331,753
341,462,471,682,453
531,641,752,524,5331,753
341,462,471,682,453
341,462,471,682,453
531,641,752,524,5331,753
531,641,752,524,5331,753
531,641,752,524,5331,753
341,462,471,682,453
341,462,471,682,453
531,641,752,524,5331,753
531,641,752,524,5331,753
531,641,752,524,5331,753
341,462,471,682,453
531,641,752,524,5331,753
531,641,752,524,5331,753
531,641,752,524,5331,753
531,641,752,524,5331,753
341,462,471,682,453
341,462,471,682,453
531,641,752,524,5331,753
531,641,752,524,5331,753
531,641,752,524,5331,753
531,641,752,524,5331,753
341,462,471,682,453
531,641,752,524,5331,753
531,641,752,524,5331,753
531,641,752,524,5331,753
341,462,471,682,453
531,641,752,524,5331,753
341,462,471,682,453
341,462,471,682,453
341,462,471,682,453
531,641,752,524,5331,753
531,641,752,524,5331,753
341,462,471,682,453
531,641,752,524,5331,753
341,462,471,682,453
341,462,471,682,453
341,462,471,682,453
341,462,471,682,453
341,462,471,682,453
531,641,752,524,5331,753
531,641,752,524,5331,753
341,462,471,682,453
531,641,752,524,5331,753
531,641,752,524,5331,753
341,462,471,682,453
341,462,471,682,453
341,462,471,682,453
531,641,752,524,5331,753
341,462,471,682,453
531,641,752,524,5331,753
341,462,471,682,453
531,641,752,524,5331,753
341,462,471,682,453
341,462,471,682,453
531,641,752,524,5331,753
341,462,471,682,453
341,462,471,682,453
531,641,752,524,5331,753
341,462,471,682,453
341,462,471,682,453
531,641,752,524,5331,753
531,641,752,524,5331,753
341,462,471,682,453
531,641,752,524,5331,753
531,641,752,524,5331,753
531,641,752,524,5331,753
531,641,752,524,5331,753
531,641,752,524,5331,753
531,641,752,524,5331,753
341,462,471,682,453
531,641,752,524,5331,753
341,462,471,682,453
341,462,471,682,453
341,462,471,682,453
341,462,471,682,453
341,462,471,682,453
531,641,752,524,5331,753
531,641,752,524,5331,753
341,462,471,682,453
341,462,471,682,453
531,641,752,524,5331,753
531,641,752,524,5331,753
341,462,471,682,453
531,641,752,524,5331,753
341,462,471,682,453
341,462,471,682,453
531,641,752,524,5331,753
531,641,752,524,5331,753
531,641,752,524,5331,753
341,462,471,682,453
531,641,752,524,5331,753
341,462,471,682,453
531,641,752,524,5331,753
341,462,471,682,453
531,641,752,524,5331,753
341,462,471,682,453
341,462,471,682,453
341,462,471,682,453
531,641,752,524,5331,753
341,462,471,682,453
531,641,752,524,5331,753
341,462,471,682,453
341,462,471,682,453
531,641,752,524,5331,753
341,462,471,682,453
341,462,471,682,453
531,641,752,524,5331,753
341,462,471,682,453
341,462,471,682,453
341,462,471,682,453
531,641,752,524,5331,753
531,641,752,524,5331,753
531,641,752,524,5331,753
341,462,471,682,453
341,462,471,682,453
531,641,752,524,5331,753
531,641,752,524,5331,753
531,641,752,524,5331,753
531,641,752,524,5331,753
531,641,752,524,5331,753
531,641,752,524,5331,753
531,641,752,524,5331,753
341,462,471,682,453
531,641,752,524,5331,753
531,641,752,524,5331,753
341,462,471,682,453
341,462,471,682,453
341,462,471,682,453
531,641,752,524,5331,753
341,462,471,682,453
341,462,471,682,453
341,462,471,682,453
341,462,471,682,453
341,462,471,682,453
531,641,752,524,5331,753
341,462,471,682,453
341,462,471,682,453
531,641,752,524,5331,753
341,462,471,682,453
341,462,471,682,453
341,462,471,682,453
341,462,471,682,453
531,641,752,524,5331,753
341,462,471,682,453
341,462,471,682,453
341,462,471,682,453
341,462,471,682,453
531,641,752,524,5331,753
531,641,752,524,5331,753
341,462,471,682,453
341,462,471,682,453
341,462,471,682,453
341,462,471,682,453
531,641,752,524,5331,753
341,462,471,682,453
341,462,471,682,453
531,641,752,524,5331,753
341,462,471,682,453
341,462,471,682,453
531,641,752,524,5331,753
531,641,752,524,5331,753
531,641,752,524,5331,753
531,641,752,524,5331,753
531,641,752,524,5331,753
531,641,752,524,5331,753
341,462,471,682,453
531,641,752,524,5331,753
341,462,471,682,453
341,462,471,682,453
341,462,471,682,453
341,462,471,682,453
531,641,752,524,5331,753
341,462,471,682,453
341,462,471,682,453
531,641,752,524,5331,753
341,462,471,682,453
341,462,471,682,453
531,641,752,524,5331,753
341,462,471,682,453
531,641,752,524,5331,753
341,462,471,682,453
341,462,471,682,453
531,641,752,524,5331,753
341,462,471,682,453
531,641,752,524,5331,753
341,462,471,682,453
341,462,471,682,453
531,641,752,524,5331,753
341,462,471,682,453
341,462,471,682,453
531,641,752,524,5331,753
341,462,471,682,453
341,462,471,682,453
531,641,752,524,5331,753
341,462,471,682,453
531,641,752,524,5331,753
531,641,752,524,5331,753
531,641,752,524,5331,753
341,462,471,682,453
341,462,471,682,453
531,641,752,524,5331,753
531,641,752,524,5331,753
531,641,752,524,5331,753
531,641,752,524,5331,753
531,641,752,524,5331,753
531,641,752,524,5331,753
531,641,752,524,5331,753
531,641,752,524,5331,753
531,641,752,524,5331,753
531,641,752,524,5331,753
531,641,752,524,5331,753
341,462,471,682,453
531,641,752,524,5331,753
531,641,752,524,5331,753
341,462,471,682,453
531,641,752,524,5331,753
531,641,752,524,5331,753
531,641,752,524,5331,753
531,641,752,524,5331,753
341,462,471,682,453
531,641,752,524,5331,753
531,641,752,524,5331,753
531,641,752,524,5331,753
341,462,471,682,453
531,641,752,524,5331,753
531,641,752,524,5331,753
531,641,752,524,5331,753
341,462,471,682,453
341,462,471,682,453
341,462,471,682,453
341,462,471,682,453
341,462,471,682,453
531,641,752,524,5331,753
341,462,471,682,453
341,462,471,682,453
531,641,752,524,5331,753
531,641,752,524,5331,753
341,462,471,682,453
531,641,752,524,5331,753
531,641,752,524,5331,753
341,462,471,682,453
531,641,752,524,5331,753
341,462,471,682,453
341,462,471,682,453
531,641,752,524,5331,753
531,641,752,524,5331,753
341,462,471,682,453
531,641,752,524,5331,753
341,462,471,682,453
531,641,752,524,5331,753
531,641,752,524,5331,753
341,462,471,682,453
531,641,752,524,5331,753
341,462,471,682,453
341,462,471,682,453
341,462,471,682,453
531,641,752,524,5331,753
531,641,752,524,5331,753
341,462,471,682,453
531,641,752,524,5331,753
531,641,752,524,5331,753
531,641,752,524,5331,753
341,462,471,682,453
531,641,752,524,5331,753
531,641,752,524,5331,753
531,641,752,524,5331,753
531,641,752,524,5331,753
341,462,471,682,453
531,641,752,524,5331,753
341,462,471,682,453
531,641,752,524,5331,753
531,641,752,524,5331,753
531,641,752,524,5331,753
341,462,471,682,453
341,462,471,682,453
531,641,752,524,5331,753
341,462,471,682,453
341,462,471,682,453
531,641,752,524,5331,753
341,462,471,682,453
341,462,471,682,453
531,641,752,524,5331,753
531,641,752,524,5331,753
531,641,752,524,5331,753
341,462,471,682,453
531,641,752,524,5331,753
531,641,752,524,5331,753
341,462,471,682,453
531,641,752,524,5331,753
341,462,471,682,453
531,641,752,524,5331,753
531,641,752,524,5331,753
341,462,471,682,453
341,462,471,682,453
531,641,752,524,5331,753
341,462,471,682,453
341,462,471,682,453
341,462,471,682,453
531,641,752,524,5331,753
531,641,752,524,5331,753
341,462,471,682,453
341,462,471,682,453
531,641,752,524,5331,753
341,462,471,682,453
341,462,471,682,453
341,462,471,682,453
531,641,752,524,5331,753
341,462,471,682,453
531,641,752,524,5331,753
341,462,471,682,453
531,641,752,524,5331,753
341,462,471,682,453
341,462,471,682,453
341,462,471,682,453
531,641,752,524,5331,753
341,462,471,682,453
531,641,752,524,5331,753
341,462,471,682,453
531,641,752,524,5331,753
341,462,471,682,453
341,462,471,682,453
531,641,752,524,5331,753
531,641,752,524,5331,753
531,641,752,524,5331,753
531,641,752,524,5331,753
341,462,471,682,453
531,641,752,524,5331,753
531,641,752,524,5331,753
341,462,471,682,453
341,462,471,682,453
531,641,752,524,5331,753
341,462,471,682,453
531,641,752,524,5331,753
341,462,471,682,453
341,462,471,682,453
341,462,471,682,453
531,641,752,524,5331,753
531,641,752,524,5331,753
531,641,752,524,5331,753
531,641,752,524,5331,753
341,462,471,682,453
341,462,471,682,453
341,462,471,682,453
341,462,471,682,453
341,462,471,682,453
341,462,471,682,453
341,462,471,682,453
531,641,752,524,5331,753
531,641,752,524,5331,753
341,462,471,682,453
531,641,752,524,5331,753
341,462,471,682,453
531,641,752,524,5331,753
341,462,471,682,453
341,462,471,682,453
341,462,471,682,453
341,462,471,682,453
531,641,752,524,5331,753
341,462,471,682,453
341,462,471,682,453
531,641,752,524,5331,753
531,641,752,524,5331,753
531,641,752,524,5331,753
341,462,471,682,453
341,462,471,682,453
341,462,471,682,453
341,462,471,682,453
531,641,752,524,5331,753
531,641,752,524,5331,753
341,462,471,682,453
341,462,471,682,453
531,641,752,524,5331,753
